{"cameraMode":{"drawMode":0,"name":"Shaded","section":"Shading Mode"},"sceneLighting":true,"audioPlay":false,"sceneViewState":{"showFog":true,"showMaterialUpdate":false,"showSkybox":true,"showFlares":true,"showImageEffects":true,"showParticleSystems":true},"in2DMode":false,"pivot":{"x":-13.005035400390625,"y":0.8931884765625,"z":-5.35693359375},"rotation":{"x":0.0124886529520154,"y":0.9797772169113159,"z":-0.1889389455318451,"w":0.06475954502820969},"size":1.9626071453094483,"orthographic":true}