{"cameraMode":{"drawMode":0,"name":"Shaded","section":"Shading Mode"},"sceneLighting":true,"audioPlay":false,"sceneViewState":{"showFog":true,"showMaterialUpdate":false,"showSkybox":true,"showFlares":true,"showImageEffects":true,"showParticleSystems":true},"in2DMode":false,"pivot":{"x":-13.223876953125,"y":2.092529296875,"z":-3.2744903564453127},"rotation":{"x":0.5130974054336548,"y":-0.25853222608566286,"z":0.16549129784107209,"w":0.80156409740448},"size":1.3840463161468506,"orthographic":true}