{"cameraMode":{"drawMode":0,"name":"Shaded","section":"Shading Mode"},"sceneLighting":true,"audioPlay":false,"sceneViewState":{"showFog":true,"showMaterialUpdate":false,"showSkybox":true,"showFlares":true,"showImageEffects":true,"showParticleSystems":true},"in2DMode":false,"pivot":{"x":-13.473999977111817,"y":0.8990000486373901,"z":-2.7820000648498537},"rotation":{"x":-0.10828984528779984,"y":0.8160476684570313,"z":-0.16245624423027039,"w":-0.5440315008163452},"size":2.7683534622192385,"orthographic":true}