{"cameraMode":{"drawMode":0,"name":"Shaded","section":"Shading Mode"},"sceneLighting":true,"audioPlay":false,"sceneViewState":{"showFog":true,"showMaterialUpdate":false,"showSkybox":true,"showFlares":true,"showImageEffects":true,"showParticleSystems":true},"in2DMode":false,"pivot":{"x":-13.223876953125,"y":2.092529296875,"z":-3.2744903564453127},"rotation":{"x":0.3581949472427368,"y":-0.5569645166397095,"z":0.2884751558303833,"w":0.6915721297264099},"size":2.5579872131347658,"orthographic":true}